{
  "checkpoint": "results/best_model.pt",
  "top_k": 20,
  "results": {
    "10": {
      "recall": 0.005050505050505051,
      "ndcg": 0.002775609956864405,
      "precision": 0.0005050505050505052,
      "n_users": 594
    },
    "20": {
      "recall": 0.010101010101010102,
      "ndcg": 0.004121032684269203,
      "precision": 0.0005050505050505052,
      "n_users": 594
    },
    "50": {
      "recall": 0.02356902356902357,
      "ndcg": 0.006888938747051259,
      "precision": 0.0004713804713804714,
      "n_users": 594
    }
  }
}