{
  "checkpoint": "results/best_model.pt",
  "top_k": 20,
  "results": {
    "10": {
      "recall": 0.08492569002123142,
      "ndcg": 0.0430655699922813,
      "precision": 0.008492569002123142,
      "n_users": 942
    },
    "20": {
      "recall": 0.13481953290870488,
      "ndcg": 0.05547062454180122,
      "precision": 0.0067409766454352435,
      "n_users": 942
    },
    "50": {
      "recall": 0.24522292993630573,
      "ndcg": 0.07731112417330883,
      "precision": 0.004904458598726116,
      "n_users": 942
    }
  }
}